model_name,image_path,image_name,path_rank,suffix_text,first_token_prob,suffix_prob,avg_suffix_prob,suffix_perplexity,full_rank_sequence,num_suffix_tokens,suffix_token_id_probs,runtime
LlaVA 7B,dataset_vlm_0328_240\01.jpg,01.jpg,1,coffee cup.,0.3892251253128052,0.18373058387590888,0.5684956576091057,1.7590283876672885,"(1, 1, 1)",3,7045:0.3892;6211:0.5073;28723:0.9305,20.516973972320557
LlaVA 7B,dataset_vlm_0328_240\02.jpg,02.jpg,1,coffee cup.,0.2773497402667999,0.20946192934100408,0.5938841023461916,1.6838302221753567,"(1, 1, 1)",3,7045:0.2773;6211:0.8171;28723:0.9243,20.283881664276123
LlaVA 7B,dataset_vlm_0328_240\03.jpg,03.jpg,1,coffee cup.,0.45282843708992004,0.2718670512172687,0.6478167787266227,1.5436463408151364,"(1, 1, 1)",3,7045:0.4528;6211:0.6543;28723:0.9176,18.986756086349487
LlaVA 7B,dataset_vlm_0328_240\04.jpg,04.jpg,1,cup.,0.2729583978652954,0.235374574999625,0.48515417652497334,2.0612004356279616,"(1, 1)",2,6211:0.2730;28723:0.8623,19.043158769607544
LlaVA 7B,dataset_vlm_0328_240\05.jpg,05.jpg,1,piece of cake.,0.37771037220954895,0.07914680010321383,0.5304058926056103,1.8853485866974748,"(1, 1, 1, 1)",4,5511:0.3777;302:0.9991;14833:0.2664;28723:0.7874,19.44329071044922
LlaVA 7B,dataset_vlm_0328_240\06.jpg,06.jpg,1,piece of toast.,0.2539612054824829,0.07169293404606093,0.5174508308144486,1.9325507670478308,"(1, 1, 1, 1)",4,5511:0.2540;302:0.9989;26312:0.3488;28723:0.8101,19.885756492614746
LlaVA 7B,dataset_vlm_0328_240\061.jpg,061.jpg,1,coffee cup.,0.3249446153640747,0.18560860059088846,0.57042606965025,1.753075557386671,"(1, 1, 1)",3,7045:0.3249;6211:0.6174;28723:0.9252,19.968634128570557
LlaVA 7B,dataset_vlm_0328_240\062.jpg,062.jpg,1,coffee mug.,0.43608736991882324,0.232375082699329,0.6943003582308463,1.440298839176909,"(1, 1, 1, 1)",4,7045:0.4361;290:0.5621;786:1.0000;28723:0.9480,20.359504461288452
LlaVA 7B,dataset_vlm_0328_240\063.jpg,063.jpg,1,coffee mug.,0.4234589636325836,0.21187879812434832,0.6784562931283972,1.4739342977997125,"(1, 1, 1, 1)",4,7045:0.4235;290:0.5285;786:1.0000;28723:0.9467,21.11810874938965
LlaVA 7B,dataset_vlm_0328_240\064.jpg,064.jpg,1,coffee cup.,0.32519659399986267,0.23810923112654753,0.6198102359990301,1.6133970398022999,"(1, 1, 1)",3,7045:0.3252;6211:0.7832;28723:0.9349,19.886282444000244
LlaVA 7B,dataset_vlm_0328_240\065.jpg,065.jpg,1,coffee cup.,0.3625871241092682,0.21602183034120395,0.6000202125979697,1.6666105224525627,"(1, 1, 1)",3,7045:0.3626;6211:0.6684;28723:0.8914,19.264891386032104
LlaVA 7B,dataset_vlm_0328_240\066.jpg,066.jpg,1,coffee cup.,0.35054001212120056,0.23209938276364012,0.6145510926509768,1.6272040062386348,"(1, 1, 1)",3,7045:0.3505;6211:0.7153;28723:0.9256,18.514662265777588
LlaVA 7B,dataset_vlm_0328_240\067.jpg,067.jpg,1,coffee cup.,0.43869516253471375,0.24734663606095572,0.6277239073847523,1.5930570561924888,"(1, 1, 1)",3,7045:0.4387;6211:0.6067;28723:0.9294,18.560102462768555
LlaVA 7B,dataset_vlm_0328_240\068.jpg,068.jpg,1,coffee cup.,0.4287600815296173,0.24669730777633528,0.6271741309139175,1.594453518902001,"(1, 1, 1)",3,7045:0.4288;6211:0.6297;28723:0.9138,18.58151912689209
LlaVA 7B,dataset_vlm_0328_240\069.jpg,069.jpg,1,coffee cup.,0.4330381453037262,0.22511399055481865,0.6083228953395147,1.6438638224226036,"(1, 1, 1)",3,7045:0.4330;6211:0.5521;28723:0.9416,18.49904751777649
LlaVA 7B,dataset_vlm_0328_240\07.jpg,07.jpg,1,blue felt square.,0.5125865340232849,0.021118883981526244,0.3812130339734784,2.6232051658274926,"(1, 1, 1, 1)",4,5045:0.5126;2770:0.1682;7930:0.2804;28723:0.8735,18.635170459747314
LlaVA 7B,dataset_vlm_0328_240\070.jpg,070.jpg,1,cup.,0.26488581299781794,0.2308097347161695,0.4804266174101613,2.0814833395175025,"(1, 1)",2,6211:0.2649;28723:0.8714,19.186902284622192
LlaVA 7B,dataset_vlm_0328_240\071.jpg,071.jpg,1,coffee mug.,0.47569024562835693,0.23296997617099047,0.6947442944035681,1.4393784994787058,"(1, 1, 1, 1)",4,7045:0.4757;290:0.5225;786:1.0000;28723:0.9373,18.884554147720337
LlaVA 7B,dataset_vlm_0328_240\072.jpg,072.jpg,1,coffee cup.,0.30594897270202637,0.16627194925911215,0.5498864220117292,1.8185573601573122,"(1, 1, 1)",3,7045:0.3059;6211:0.6180;28723:0.8794,18.57511854171753
LlaVA 7B,dataset_vlm_0328_240\073.jpg,073.jpg,1,piece of bread.,0.4004181921482086,0.08671382769193643,0.5426528512801753,1.8427987573287317,"(1, 1, 1, 1)",4,5511:0.4004;302:0.9992;10714:0.2893;28723:0.7491,18.58212661743164
LlaVA 7B,dataset_vlm_0328_240\074.jpg,074.jpg,1,piece of bread.,0.3969358801841736,0.11760493367482876,0.5856071698316033,1.707629365753085,"(1, 1, 1, 1)",4,5511:0.3969;302:0.9993;10714:0.3841;28723:0.7719,18.58697509765625
LlaVA 7B,dataset_vlm_0328_240\075.jpg,075.jpg,1,piece of cake.,0.4561366140842438,0.21002141031156832,0.6769644964584834,1.477182341513426,"(1, 1, 1, 1)",4,5511:0.4561;302:0.9991;14833:0.5752;28723:0.8011,18.66634178161621
LlaVA 7B,dataset_vlm_0328_240\076.jpg,076.jpg,1,piece of toast.,0.26213690638542175,0.07200519604285582,0.5180133583021729,1.9304521475615495,"(1, 1, 1, 1)",4,5511:0.2621;302:0.9988;26312:0.3347;28723:0.8217,18.606350898742676
LlaVA 7B,dataset_vlm_0328_240\077.jpg,077.jpg,1,piece of toast.,0.3792983293533325,0.10498159305612159,0.5692175604674218,1.756797522512894,"(1, 1, 1, 1)",4,5511:0.3793;302:0.9991;26312:0.3412;28723:0.8119,18.702772617340088
LlaVA 7B,dataset_vlm_0328_240\078.jpg,078.jpg,1,piece of toast.,0.35041373968124384,0.13313076610533317,0.6040454367331546,1.6555046014556085,"(1, 1, 1, 1)",4,5511:0.3504;302:0.9990;26312:0.4745;28723:0.8015,18.6828510761261
LlaVA 7B,dataset_vlm_0328_240\079.jpg,079.jpg,1,blue felt square.,0.4552994966506958,0.009619483408353544,0.3131756139414943,3.193096638063315,"(1, 1, 1, 1)",4,5045:0.4553;2770:0.0997;7930:0.2408;28723:0.8805,19.262900352478027
LlaVA 7B,dataset_vlm_0328_240\08.jpg,08.jpg,1,piece of paper.,0.4429427683353424,0.1057442519596719,0.5702485535265329,1.7536212828876054,"(1, 1, 1, 1)",4,5511:0.4429;302:0.9991;3830:0.3765;28723:0.6346,18.647974491119385
LlaVA 7B,dataset_vlm_0328_240\080.jpg,080.jpg,1,blue felt square.,0.6494207978248596,0.020386422774966786,0.3778637728935279,2.64645639972947,"(1, 1, 1, 1)",4,5045:0.6494;2770:0.1800;7930:0.1987;28723:0.8778,19.539191484451294
LlaVA 7B,dataset_vlm_0328_240\081.jpg,081.jpg,1,blue piece of paper.,0.5005404949188232,0.022279314204654656,0.46728341125860456,2.1400288901901092,"(1, 1, 1, 1, 1)",5,5045:0.5005;5511:0.1613;302:0.9954;3830:0.5197;28723:0.5333,18.889869451522827
LlaVA 7B,dataset_vlm_0328_240\082.jpg,082.jpg,1,piece of toast.,0.4781845510005951,0.10306869343216202,0.5666066830608543,1.7648927022849796,"(1, 1, 1, 1)",4,5511:0.4782;302:0.9991;26312:0.2614;28723:0.8253,18.689740896224976
LlaVA 7B,dataset_vlm_0328_240\083.jpg,083.jpg,1,piece of graham cracker.,0.471673846244812,0.07907932988890153,0.6959538245150101,1.4368769374848551,"(1, 1, 1, 1, 1, 1, 1)",7,5511:0.4717;302:0.9987;319:0.2417;11162:0.8546;9551:0.9687;263:0.9733;28723:0.8620,19.680164575576782
LlaVA 7B,dataset_vlm_0328_240\084.jpg,084.jpg,1,piece of paper.,0.4611234664916992,0.10630758002082208,0.5710065078588153,1.7512935250945614,"(1, 1, 1, 1)",4,5511:0.4611;302:0.9988;3830:0.4462;28723:0.5173,18.99227237701416
LlaVA 7B,dataset_vlm_0328_240\085.jpg,085.jpg,1,glove.,0.48132163286209106,0.44568170786537514,0.7638503287810493,1.3091569936165346,"(1, 1, 1)",3,19720:0.4813;333:0.9999;28723:0.9260,18.548429250717163
LlaVA 7B,dataset_vlm_0328_240\086.jpg,086.jpg,1,glove.,0.48895639181137085,0.4486637379411536,0.765550169086079,1.3062501196934087,"(1, 1, 1)",3,19720:0.4890;333:0.9999;28723:0.9177,18.52971625328064
LlaVA 7B,dataset_vlm_0328_240\087.jpg,087.jpg,1,glove.,0.44931960105895996,0.40524709817004917,0.7400140599775933,1.3513256762044208,"(1, 1, 1)",3,19720:0.4493;333:0.9999;28723:0.9020,18.562579870224
LlaVA 7B,dataset_vlm_0328_240\088.jpg,088.jpg,1,glove.,0.39055073261260986,0.36683114304847625,0.7158500610943845,1.3969405806450723,"(1, 1, 1)",3,19720:0.3906;333:0.9999;28723:0.9394,18.56490206718445
LlaVA 7B,dataset_vlm_0328_240\089.jpg,089.jpg,1,pair of gloves.,0.30695849657058716,0.23111665161321118,0.6933584444555595,1.4422554567504002,"(1, 1, 1, 1)",4,5964:0.3070;302:0.9991;25570:0.8128;28723:0.9271,18.684096336364746
LlaVA 7B,dataset_vlm_0328_240\09.jpg,09.jpg,1,glove.,0.4951187074184418,0.45899349813382273,0.7713808348864148,1.2963765169862551,"(1, 1, 1)",3,19720:0.4951;333:0.9999;28723:0.9271,18.564034700393677
LlaVA 7B,dataset_vlm_0328_240\090.jpg,090.jpg,1,pair of gloves.,0.5231115818023682,0.4138046857466239,0.8020452129069345,1.2468125037185842,"(1, 1, 1, 1)",4,5964:0.5231;302:0.9993;25570:0.8452;28723:0.9366,18.61037540435791
LlaVA 7B,dataset_vlm_0328_240\091.jpg,091.jpg,1,glove.,0.4624929428100586,0.4256866796427512,0.7522520043222852,1.3293417554944431,"(1, 1, 1)",3,19720:0.4625;333:0.9999;28723:0.9205,18.517034769058228
LlaVA 7B,dataset_vlm_0328_240\092.jpg,092.jpg,1,glove.,0.45435330271720886,0.4116868724160722,0.7439133279195504,1.3442426186886973,"(1, 1, 1)",3,19720:0.4544;333:0.9999;28723:0.9062,18.84825325012207
LlaVA 7B,dataset_vlm_0328_240\093.jpg,093.jpg,1,pair of gloves.,0.1672041267156601,0.0616076709588037,0.4982057065366114,2.0072030225260247,"(1, 1, 1, 1)",4,5964:0.1672;302:0.9991;25570:0.4069;28723:0.9063,19.058772563934326
LlaVA 7B,dataset_vlm_0328_240\094.jpg,094.jpg,1,glove.,0.4903920888900757,0.45545948375576456,0.7693959865146102,1.2997208427483926,"(1, 1, 1)",3,19720:0.4904;333:0.9999;28723:0.9289,18.538493156433105
LlaVA 7B,dataset_vlm_0328_240\095.jpg,095.jpg,1,glove.,0.407318651676178,0.37002887761481307,0.7179241116548573,1.3929048819588203,"(1, 1, 1)",3,19720:0.4073;333:0.9999;28723:0.9086,18.538543224334717
LlaVA 7B,dataset_vlm_0328_240\096.jpg,096.jpg,1,glove.,0.4976355731487274,0.46275878350720606,0.7734843961627618,1.2928509029541861,"(1, 1, 1)",3,19720:0.4976;333:0.9999;28723:0.9300,19.273747444152832
LlaVA 7B,dataset_vlm_0328_240\097.jpg,097.jpg,1,toilet.,0.291137158870697,0.10816682097484609,0.3288872465980493,3.0405557234092253,"(1, 1)",2,19580:0.2911;28723:0.3715,18.469385147094727
LlaVA 7B,dataset_vlm_0328_240\098.jpg,098.jpg,1,white plate.,0.1643698811531067,0.04182694937018198,0.34712460365810643,2.880809915118925,"(1, 1, 1)",3,3075:0.1644;9703:0.3059;28723:0.8319,18.523045778274536
LlaVA 7B,dataset_vlm_0328_240\099.jpg,099.jpg,1,tray.,0.12001529335975647,0.09693781630966568,0.31134838414494087,3.211836164643378,"(1, 1)",2,22517:0.1200;28723:0.8077,19.061980724334717
LlaVA 7B,dataset_vlm_0328_240\10.jpg,10.jpg,1,glove.,0.3790073096752167,0.3532615655492287,0.7069121776050463,1.4146028766796865,"(1, 1, 1)",3,19720:0.3790;333:0.9999;28723:0.9322,19.031663417816162
LlaVA 7B,dataset_vlm_0328_240\100.jpg,100.jpg,1,chair.,0.06951140612363817,0.06353969624912949,0.2520708159409365,3.967139140114947,"(1, 1)",2,6225:0.0695;28723:0.9141,19.09869694709778
LlaVA 7B,dataset_vlm_0328_240\101.jpg,101.jpg,1,toothbrush.,0.11522264778614046,0.10795649980066481,0.5732079416684467,1.7445675945962682,"(1, 1, 1, 1)",4,17961:0.1152;1473:0.9863;1426:1.0000;28723:0.9500,19.851998805999756
LlaVA 7B,dataset_vlm_0328_240\102.jpg,102.jpg,1,black and white checkered pattern.,0.10468481481075287,8.804391455048651e-05,0.26343370188052756,3.7960215145650573,"(1, 1, 1, 1, 1, 1, 1)",7,2687:0.1047;304:0.0698;3075:0.7940;1877:0.3470;2092:0.5374;5340:0.1144;28723:0.7114,19.001830339431763
LlaVA 7B,dataset_vlm_0328_240\103.jpg,103.jpg,1,chair.,0.10956576466560361,0.1033136348347998,0.32142438431892467,3.11115163872501,"(1, 1)",2,6225:0.1096;28723:0.9429,18.562660455703735
LlaVA 7B,dataset_vlm_0328_240\104.jpg,104.jpg,1,chair.,0.13064867258071897,0.12000931805888371,0.3464236107122084,2.886639273645671,"(1, 1)",2,6225:0.1306;28723:0.9186,18.845793962478638
LlaVA 7B,dataset_vlm_0328_240\105.jpg,105.jpg,1,chair.,0.19087763130664823,0.17674747565333956,0.4204134579831378,2.3786108199231544,"(1, 1)",2,6225:0.1909;28723:0.9260,18.566245079040527
LlaVA 7B,dataset_vlm_0328_240\106.jpg,106.jpg,1,black and white cat.,0.07945744693279265,0.0012544382861196161,0.26283903261330427,3.8046099548358425,"(1, 1, 1, 1, 1)",5,2687:0.0795;304:0.1098;3075:0.7444;5255:0.2358;28723:0.8193,18.956360578536987
LlaVA 7B,dataset_vlm_0328_240\107.jpg,107.jpg,1,small black and white cat.,0.07568817585706712,3.2143760818373506e-05,0.17831290742044206,5.6081189772881155,"(1, 1, 1, 1, 1, 1)",6,1741:0.0757;2687:0.0765;304:0.1472;3075:0.4258;5255:0.1161;28723:0.7632,20.14390277862549
LlaVA 7B,dataset_vlm_0328_240\108.jpg,108.jpg,1,camera.,0.07883288711309432,0.06228434469455424,0.24956831668814503,4.006918880049897,"(1, 1)",2,7555:0.0788;28723:0.7901,18.811558485031128
LlaVA 7B,dataset_vlm_0328_240\109.jpg,109.jpg,1,camera.,0.18630523979663852,0.15539420374927992,0.39420071505424736,2.536778757142504,"(1, 1)",2,7555:0.1863;28723:0.8341,18.462972164154053
LlaVA 7B,dataset_vlm_0328_240\11.jpg,11.jpg,1,glove.,0.45177754759788513,0.41504051467355874,0.745927864924261,1.340612205312288,"(1, 1, 1)",3,19720:0.4518;333:0.9999;28723:0.9188,18.56480097770691
LlaVA 7B,dataset_vlm_0328_240\110.jpg,110.jpg,1,camera.,0.13054196536540988,0.10108145775696188,0.3179331026441913,3.1453157651190877,"(1, 1)",2,7555:0.1305;28723:0.7743,19.370230674743652
LlaVA 7B,dataset_vlm_0328_240\111.jpg,111.jpg,1,computer mouse.,0.11955516040325168,0.03239455058922976,0.31877969671854667,3.1369626431475925,"(1, 1, 1)",3,6074:0.1196;12733:0.2897;28723:0.9355,19.179401397705078
LlaVA 7B,dataset_vlm_0328_240\112.jpg,112.jpg,1,fan.,0.45811864733695984,0.42327185065347633,0.650593460352528,1.5370581798626504,"(1, 1)",2,7654:0.4581;28723:0.9239,18.9845609664917
LlaVA 7B,dataset_vlm_0328_240\113.jpg,113.jpg,1,fan.,0.568983256816864,0.5103687312411509,0.7144009597146066,1.3997741553979524,"(1, 1)",2,7654:0.5690;28723:0.8970,19.017027854919434
LlaVA 7B,dataset_vlm_0328_240\114.jpg,114.jpg,1,fan.,0.5215897560119629,0.4659678072703741,0.6826183467138678,1.464947440709748,"(1, 1)",2,7654:0.5216;28723:0.8934,19.46062922477722
LlaVA 7B,dataset_vlm_0328_240\115.jpg,115.jpg,1,fan.,0.3880120515823364,0.35709716095546185,0.5975760712708147,1.6734271134273904,"(1, 1)",2,7654:0.3880;28723:0.9203,20.421899557113647
LlaVA 7B,dataset_vlm_0328_240\116.jpg,116.jpg,1,fan.,0.5626598000526428,0.511440240325296,0.7151505018702679,1.3983070659739332,"(1, 1)",2,7654:0.5627;28723:0.9090,19.79305648803711
LlaVA 7B,dataset_vlm_0328_240\117.jpg,117.jpg,1,fan.,0.4135909974575043,0.3811904784329325,0.6174062507238913,1.619679099179071,"(1, 1)",2,7654:0.4136;28723:0.9217,19.367217302322388
LlaVA 7B,dataset_vlm_0328_240\118.jpg,118.jpg,1,camera.,0.09140667319297789,0.07937659951505259,0.2817385304055031,3.5493902753049476,"(1, 1)",2,7555:0.0914;28723:0.8684,19.405356884002686
LlaVA 7B,dataset_vlm_0328_240\119.jpg,119.jpg,1,fan.,0.46495771408081055,0.42884742395071385,0.65486443173432,1.5270336141965064,"(1, 1)",2,7654:0.4650;28723:0.9223,20.11092472076416
LlaVA 7B,dataset_vlm_0328_240\12.jpg,12.jpg,1,glove.,0.3833388090133667,0.3475446815127278,0.7030780652582321,1.4223171642152028,"(1, 1, 1)",3,19720:0.3833;333:0.9999;28723:0.9067,19.57718300819397
LlaVA 7B,dataset_vlm_0328_240\120.jpg,120.jpg,1,camera.,0.1468813270330429,0.11969334547703438,0.3459672607011166,2.8904469109980515,"(1, 1)",2,7555:0.1469;28723:0.8149,19.587620973587036
LlaVA 7B,dataset_vlm_0328_240\121.jpg,121.jpg,1,bottle.,0.4057433009147644,0.22059486138059373,0.46967527226861083,2.1291306122415836,"(1, 1)",2,10859:0.4057;28723:0.5437,19.597663164138794
LlaVA 7B,dataset_vlm_0328_240\122.jpg,122.jpg,1,bottle.,0.4018663465976715,0.1980017688654083,0.4449738968359923,2.2473228364866946,"(1, 1)",2,10859:0.4019;28723:0.4927,19.369654178619385
LlaVA 7B,dataset_vlm_0328_240\123.jpg,123.jpg,1,bottle.,0.4525594115257263,0.22958544825807084,0.4791507573385133,2.08702581532917,"(1, 1)",2,10859:0.4526;28723:0.5073,19.233773708343506
LlaVA 7B,dataset_vlm_0328_240\124.jpg,124.jpg,1,bottle.,0.49696028232574463,0.2679132685054242,0.5176033891942983,1.9319811671956024,"(1, 1)",2,10859:0.4970;28723:0.5391,19.749020099639893
LlaVA 7B,dataset_vlm_0328_240\125.jpg,125.jpg,1,bottle of hand sanitizer.,0.5068859457969666,0.10854264439046504,0.7281630349390777,1.3733188201233886,"(1, 1, 1, 1, 1, 1, 1)",7,10859:0.5069;302:0.5742;1021:0.4153;8417:0.9652;279:0.9956;4024:0.9930;28723:0.9412,19.7370023727417
LlaVA 7B,dataset_vlm_0328_240\126.jpg,126.jpg,1,bottle of hand sanitizer.,0.4884471595287323,0.07742804947577896,0.693858940160967,1.4412151261869046,"(1, 1, 1, 1, 1, 1, 1)",7,10859:0.4884;302:0.5059;1021:0.3617;8417:0.9384;279:0.9956;4024:0.9938;28723:0.9331,19.69337296485901
LlaVA 7B,dataset_vlm_0328_240\127.jpg,127.jpg,1,bottle.,0.3604972660541535,0.20982873212488865,0.45807066280748504,2.1830692973679335,"(1, 1)",2,10859:0.3605;28723:0.5821,19.160731315612793
LlaVA 7B,dataset_vlm_0328_240\128.jpg,128.jpg,1,bottle.,0.234683483839035,0.13157049514911454,0.3627264742876022,2.756898299094402,"(1, 1)",2,10859:0.2347;28723:0.5606,19.173804998397827
LlaVA 7B,dataset_vlm_0328_240\129.jpg,129.jpg,1,bottle.,0.45865598320961,0.20986676100543988,0.45811217076764055,2.1828714970055025,"(1, 1)",2,10859:0.4587;28723:0.4576,19.30791711807251
LlaVA 7B,dataset_vlm_0328_240\13.jpg,13.jpg,1,chair.,0.18456178903579712,0.1704781358143137,0.41288998027841955,2.4219526938524423,"(1, 1)",2,6225:0.1846;28723:0.9237,19.154447078704834
LlaVA 7B,dataset_vlm_0328_240\130.jpg,130.jpg,1,bottle.,0.2718265950679779,0.16694678800623564,0.40859122360402655,2.4474338708976253,"(1, 1)",2,10859:0.2718;28723:0.6142,19.14574909210205
LlaVA 7B,dataset_vlm_0328_240\131.jpg,131.jpg,1,water bottle.,0.3011731803417206,0.25872921484561623,0.6372088860518403,1.569344090908746,"(1, 1, 1)",3,2130:0.3012;10859:0.9774;28723:0.8789,19.227423906326294
LlaVA 7B,dataset_vlm_0328_240\132.jpg,132.jpg,1,bottle.,0.20507384836673737,0.10550712583720846,0.32481860451213146,3.0786413897134133,"(1, 1)",2,10859:0.2051;28723:0.5145,19.179439067840576
LlaVA 7B,dataset_vlm_0328_240\133.jpg,133.jpg,1,microphone.,0.1457468420267105,0.1354224593939518,0.513527334500658,1.9473160099108973,"(1, 1, 1)",3,7817:0.1457;6690:0.9962;28723:0.9327,20.00720763206482
LlaVA 7B,dataset_vlm_0328_240\134.jpg,134.jpg,1,camera.,0.23738318681716916,0.18717845649876708,0.4326412561219365,2.3113838216995144,"(1, 1)",2,7555:0.2374;28723:0.7885,19.770271062850952
LlaVA 7B,dataset_vlm_0328_240\135.jpg,135.jpg,1,camera.,0.15189002454280853,0.12762015437582708,0.35723963158617644,2.7992414938955936,"(1, 1)",2,7555:0.1519;28723:0.8402,19.297887325286865
LlaVA 7B,dataset_vlm_0328_240\136.jpg,136.jpg,1,remote control.,0.12945608794689178,0.07222963636370625,0.41645857568894235,2.4011992029356395,"(1, 1, 1)",3,9308:0.1295;2602:0.5926;28723:0.9416,19.25393009185791
LlaVA 7B,dataset_vlm_0328_240\137.jpg,137.jpg,1,video game controller.,0.1779768466949463,0.12840565700419934,0.598612855555284,1.6705287745155122,"(1, 1, 1, 1)",4,3798:0.1780;2039:0.9858;11792:0.8687;28723:0.8425,20.070799589157104
LlaVA 7B,dataset_vlm_0328_240\138.jpg,138.jpg,1,shoe.,0.15939249098300937,0.14605019922618379,0.38216514653508604,2.6166698064083964,"(1, 1)",2,24023:0.1594;28723:0.9163,19.18066096305847
LlaVA 7B,dataset_vlm_0328_240\139.jpg,139.jpg,1,video game controller.,0.1789153516292572,0.119710737326609,0.588211182227156,1.7000696862199722,"(1, 1, 1, 1)",4,3798:0.1789;2039:0.9782;11792:0.8678;28723:0.7882,19.51042914390564
LlaVA 7B,dataset_vlm_0328_240\14.jpg,14.jpg,1,chair.,0.11461161077022551,0.10301432479614901,0.3209584471487688,3.1156681149335377,"(1, 1)",2,6225:0.1146;28723:0.8988,19.274397373199463
LlaVA 7B,dataset_vlm_0328_240\140.jpg,140.jpg,1,video game controller.,0.16760392487049103,0.10623329608589854,0.5709067319785373,1.75159959409551,"(1, 1, 1, 1)",4,3798:0.1676;2039:0.9760;11792:0.8426;28723:0.7707,19.40744376182556
LlaVA 7B,dataset_vlm_0328_240\141.jpg,141.jpg,1,video game controller.,0.2100585252046585,0.1359158131856319,0.6071800547169439,1.6469579200294737,"(1, 1, 1, 1)",4,3798:0.2101;2039:0.9862;11792:0.8614;28723:0.7617,19.508152723312378
LlaVA 7B,dataset_vlm_0328_240\142.jpg,142.jpg,1,camera.,0.24763725697994232,0.207962565467219,0.456029127871476,2.1928423841422533,"(1, 1)",2,7555:0.2476;28723:0.8398,19.18516254425049
LlaVA 7B,dataset_vlm_0328_240\143.jpg,143.jpg,1,camera.,0.32319805026054377,0.26328456472779393,0.513112623824238,1.9488898802508139,"(1, 1)",2,7555:0.3232;28723:0.8146,19.26529550552368
LlaVA 7B,dataset_vlm_0328_240\144.jpg,144.jpg,1,camera.,0.2650890052318573,0.20700563450965245,0.45497871874369294,2.1979049981969343,"(1, 1)",2,7555:0.2651;28723:0.7809,19.63539171218872
LlaVA 7B,dataset_vlm_0328_240\145.jpg,145.jpg,1,white cloth.,0.0908062234520912,0.011728874864419179,0.22720547073902478,4.401302471931369,"(1, 1, 1)",3,3075:0.0908;17673:0.2050;28723:0.6300,19.35152578353882
LlaVA 7B,dataset_vlm_0328_240\146.jpg,146.jpg,1,white cloth.,0.07143568247556686,0.01344165056759705,0.23776661069324193,4.205804999635397,"(1, 1, 1)",3,3075:0.0714;17673:0.2718;28723:0.6923,19.30264163017273
LlaVA 7B,dataset_vlm_0328_240\147.jpg,147.jpg,1,white cloth.,0.0728922113776207,0.008474841733154348,0.203881208338282,4.9048169183929335,"(1, 1, 1)",3,3075:0.0729;17673:0.2030;28723:0.5727,19.296863317489624
LlaVA 7B,dataset_vlm_0328_240\148.jpg,148.jpg,1,piece of paper.,0.13577036559581757,0.05689663581057827,0.4883954924294799,2.047520944604933,"(1, 1, 1, 1)",4,5511:0.1358;302:0.9995;3830:0.5660;28723:0.7407,20.322998523712158
LlaVA 7B,dataset_vlm_0328_240\149.jpg,149.jpg,1,pair of scissors.,0.18374481797218323,0.1591409645914805,0.7361455046216476,1.358427095895891,"(1, 1, 1, 1, 1, 1)",6,5964:0.1837;302:0.9994;752:0.8999;815:0.9997;734:0.9997;28723:0.9636,19.716325759887695
LlaVA 7B,dataset_vlm_0328_240\15.jpg,15.jpg,1,chair.,0.12322203069925307,0.11446099615182305,0.33832084794145195,2.9557741004865736,"(1, 1)",2,6225:0.1232;28723:0.9289,19.307458877563477
LlaVA 7B,dataset_vlm_0328_240\150.jpg,150.jpg,1,piece of paper.,0.1703895628452301,0.03748686425455427,0.44001732692115597,2.2726377776918403,"(1, 1, 1, 1)",4,5511:0.1704;302:0.9994;3830:0.3298;28723:0.6675,19.52528429031372
LlaVA 7B,dataset_vlm_0328_240\151.jpg,151.jpg,1,piece of cloth.,0.18381853401660916,0.053534080217496796,0.4810138555283599,2.0789421936745884,"(1, 1, 1, 1)",4,5511:0.1838;302:0.9995;17673:0.4520;28723:0.6446,18.627369165420532
LlaVA 7B,dataset_vlm_0328_240\152.jpg,152.jpg,1,piece of cloth.,0.16375355422496796,0.02693228717022594,0.4051056582258362,2.468491811196883,"(1, 1, 1, 1)",4,5511:0.1638;302:0.9994;17673:0.3330;28723:0.4942,18.530514001846313
LlaVA 7B,dataset_vlm_0328_240\153.jpg,153.jpg,1,piece of cloth.,0.13825659453868866,0.03788621273656976,0.441184553118923,2.266625141180875,"(1, 1, 1, 1)",4,5511:0.1383;302:0.9994;17673:0.4875;28723:0.5624,18.547642469406128
LlaVA 7B,dataset_vlm_0328_240\154.jpg,154.jpg,1,dirty white cloth.,0.13881827890872955,0.007330977024017882,0.2926108761992286,3.4175079648069357,"(1, 1, 1, 1)",4,13485:0.1388;3075:0.2723;17673:0.2476;28723:0.7834,19.291080474853516
LlaVA 7B,dataset_vlm_0328_240\155.jpg,155.jpg,1,white shirt.,0.1332739293575287,0.02070556232406515,0.2745969293891729,3.641701319182446,"(1, 1, 1)",3,3075:0.1333;11480:0.1954;28723:0.7949,18.551107168197632
LlaVA 7B,dataset_vlm_0328_240\156.jpg,156.jpg,1,dirty rag.,0.18096338212490082,0.0365928137112691,0.3319952995393116,3.0120908379957045,"(1, 1, 1)",3,13485:0.1810;13017:0.2601;28723:0.7775,18.484570026397705
LlaVA 7B,dataset_vlm_0328_240\157.jpg,157.jpg,1,robot arm.,0.061600562185049064,0.029438522891915876,0.3087725409345117,3.238629953860089,"(1, 1, 1)",3,18401:0.0616;3648:0.5864;28723:0.8150,18.63459825515747
LlaVA 7B,dataset_vlm_0328_240\158.jpg,158.jpg,1,black and white puzzle.,0.08668869733810425,0.001315700601753099,0.2653575291642757,3.7685005703415597,"(1, 1, 1, 1, 1)",5,2687:0.0867;304:0.2306;3075:0.9176;28071:0.1112;28723:0.6448,18.66778588294983
LlaVA 7B,dataset_vlm_0328_240\159.jpg,159.jpg,1,computer mouse.,0.301312655210495,0.28516229342658944,0.6582093283506077,1.5192735151686134,"(1, 1, 1)",3,6074:0.3013;12733:0.9893;28723:0.9567,18.445366144180298
LlaVA 7B,dataset_vlm_0328_240\16.jpg,16.jpg,1,black and white cat.,0.11621340364217757,0.0013779638807972915,0.2678228127416491,3.733811880187494,"(1, 1, 1, 1, 1)",5,2687:0.1162;304:0.0964;3075:0.6925;5255:0.2179;28723:0.8154,18.66397738456726
LlaVA 7B,dataset_vlm_0328_240\160.jpg,160.jpg,1,black and white checkered pattern.,0.06665774434804916,0.0005236719101560646,0.3398554061305674,2.9424278147743066,"(1, 1, 1, 1, 1, 1, 1)",7,2687:0.0667;304:0.4051;3075:0.9753;1877:0.2325;2092:0.5182;5340:0.2137;28723:0.7725,18.919423818588257
LlaVA 7B,dataset_vlm_0328_240\161.jpg,161.jpg,1,drill.,0.11774832010269162,0.054025030002377385,0.3780347056270696,2.645259774076134,"(1, 1, 1)",3,1605:0.1177;425:0.5186;28723:0.8848,19.658071994781494
LlaVA 7B,dataset_vlm_0328_240\162.jpg,162.jpg,1,camera.,0.1045479699969292,0.08868217699105556,0.29779552882985927,3.3580087784707273,"(1, 1)",2,7555:0.1045;28723:0.8482,19.642797708511353
LlaVA 7B,dataset_vlm_0328_240\163.jpg,163.jpg,1,robot arm.,0.047266285866498954,0.021946246515195316,0.27997553576730894,3.571740642479249,"(1, 1, 1)",3,18401:0.0473;3648:0.5393;28723:0.8609,19.185352087020874
LlaVA 7B,dataset_vlm_0328_240\164.jpg,164.jpg,1,camera.,0.10567326843738556,0.08937346639356213,0.29895395363427146,3.344996738940475,"(1, 1)",2,7555:0.1057;28723:0.8458,18.401484727859497
LlaVA 7B,dataset_vlm_0328_240\165.jpg,165.jpg,1,camera.,0.07665184885263443,0.0644273087776841,0.2538253509358041,3.9397168025699436,"(1, 1)",2,7555:0.0767;28723:0.8405,18.395475149154663
LlaVA 7B,dataset_vlm_0328_240\166.jpg,166.jpg,1,camera.,0.060942582786083214,0.05317973393245133,0.23060731543568025,4.336375878235808,"(1, 1)",2,7555:0.0609;28723:0.8726,18.358407258987427
LlaVA 7B,dataset_vlm_0328_240\167.jpg,167.jpg,1,drill.,0.09376767277717589,0.07213273560853611,0.4162722569222552,2.4022739526135757,"(1, 1, 1)",3,1605:0.0938;425:0.8801;28723:0.8740,18.463324069976807
LlaVA 7B,dataset_vlm_0328_240\168.jpg,168.jpg,1,camera.,0.1328689157962799,0.1089394030571036,0.3300596962022228,3.0297549549561316,"(1, 1)",2,7555:0.1329;28723:0.8199,18.522356510162354
LlaVA 7B,dataset_vlm_0328_240\169.jpg,169.jpg,1,black and white checkered pattern.,0.05744414031505585,0.0005302289816735996,0.34046008941174694,2.937201836866747,"(1, 1, 1, 1, 1, 1, 1)",7,2687:0.0574;304:0.4039;3075:0.9781;1877:0.3467;2092:0.5003;5340:0.1727;28723:0.7801,18.924325227737427
LlaVA 7B,dataset_vlm_0328_240\17.jpg,17.jpg,1,camera.,0.19996973872184753,0.16078841548207556,0.40098430827412135,2.49386317460677,"(1, 1)",2,7555:0.2000;28723:0.8041,19.212164163589478
LlaVA 7B,dataset_vlm_0328_240\170.jpg,170.jpg,1,small robot.,0.07580322772264479,0.00466472590724684,0.16708676222673266,5.984914583735989,"(1, 1, 1)",3,1741:0.0758;18401:0.1068;28723:0.5759,18.707753896713257
LlaVA 7B,dataset_vlm_0328_240\171.jpg,171.jpg,1,camera.,0.11055228859186172,0.08957485830334866,0.2992905917387793,3.3412343307897885,"(1, 1)",2,7555:0.1106;28723:0.8102,18.539471864700317
LlaVA 7B,dataset_vlm_0328_240\172.jpg,172.jpg,1,black and white checkered pattern.,0.04815942049026489,0.00025609563924185077,0.3068418536161058,3.259007818571955,"(1, 1, 1, 1, 1, 1, 1)",7,2687:0.0482;304:0.3558;3075:0.9542;1877:0.2511;2092:0.5306;5340:0.1553;28723:0.7569,19.074060440063477
LlaVA 7B,dataset_vlm_0328_240\173.jpg,173.jpg,1,small robot.,0.07976702600717543,0.004567968141915895,0.1659234192406722,6.026876763849101,"(1, 1, 1)",3,1741:0.0798;18401:0.1094;28723:0.5233,18.612801790237427
LlaVA 7B,dataset_vlm_0328_240\174.jpg,174.jpg,1,small robot.,0.07058806717395781,0.0038789292313452183,0.15712210376662186,6.364476900623287,"(1, 1, 1)",3,1741:0.0706;18401:0.1093;28723:0.5027,18.58053183555603
LlaVA 7B,dataset_vlm_0328_240\175.jpg,175.jpg,1,remote control.,0.05566047504544258,0.035222650849551826,0.3277987898446477,3.050651896774621,"(1, 1, 1)",3,9308:0.0557;2602:0.7377;28723:0.8579,18.492253065109253
LlaVA 7B,dataset_vlm_0328_240\176.jpg,176.jpg,1,screwdriver.,0.11750327795743941,0.06343649159578624,0.398822561655992,2.507380715493621,"(1, 1, 1)",3,14693:0.1175;8565:0.5721;28723:0.9437,18.447753190994263
LlaVA 7B,dataset_vlm_0328_240\177.jpg,177.jpg,1,drill.,0.10704796016216278,0.08501774201934398,0.43971355670999573,2.274207799009322,"(1, 1, 1)",3,1605:0.1070;425:0.9162;28723:0.8668,18.516866207122803
LlaVA 7B,dataset_vlm_0328_240\178.jpg,178.jpg,1,robot arm.,0.06505898386240007,0.02663762689250554,0.29865182789510397,3.3483806446054363,"(1, 1, 1)",3,18401:0.0651;3648:0.4736;28723:0.8645,18.46731162071228
LlaVA 7B,dataset_vlm_0328_240\179.jpg,179.jpg,1,camera.,0.10190206021070482,0.0838272471979913,0.28952935463954477,3.453881217830121,"(1, 1)",2,7555:0.1019;28723:0.8226,18.32212209701538
LlaVA 7B,dataset_vlm_0328_240\18.jpg,18.jpg,1,fan.,0.6136712431907654,0.5620849330001754,0.7497232376018336,1.3338255370058099,"(1, 1)",2,7654:0.6137;28723:0.9159,18.390159130096436
LlaVA 7B,dataset_vlm_0328_240\180.jpg,180.jpg,1,camera.,0.09053715318441392,0.07763854063076273,0.2786369333573041,3.588899676546725,"(1, 1)",2,7555:0.0905;28723:0.8575,18.30080246925354
LlaVA 7B,dataset_vlm_0328_240\181.jpg,181.jpg,1,camera.,0.14910581707954407,0.1313079913061177,0.3623644454221712,2.759652644273513,"(1, 1)",2,7555:0.1491;28723:0.8806,18.765424251556396
LlaVA 7B,dataset_vlm_0328_240\182.jpg,182.jpg,1,computer mouse.,0.07379827648401262,0.017932206995146912,0.26174471080814826,3.8205165518434208,"(1, 1, 1)",3,6074:0.0738;12733:0.2579;28723:0.9423,18.539852619171143
LlaVA 7B,dataset_vlm_0328_240\183.jpg,183.jpg,1,computer motherboard.,0.10286016017198561,0.026531853712664897,0.40359139544646216,2.477753518242818,"(1, 1, 1, 1)",4,6074:0.1029;3057:0.2963;3516:0.9867;28723:0.8822,19.020833730697632
LlaVA 7B,dataset_vlm_0328_240\184.jpg,184.jpg,1,camera.,0.08504908531904222,0.07520330906623408,0.27423221741114606,3.6465445578946603,"(1, 1)",2,7555:0.0850;28723:0.8842,18.413902521133423
LlaVA 7B,dataset_vlm_0328_240\185.jpg,185.jpg,1,camera.,0.2450392246246338,0.21061898145804037,0.45893243670287714,2.1789699747185702,"(1, 1)",2,7555:0.2450;28723:0.8595,18.495819807052612
LlaVA 7B,dataset_vlm_0328_240\186.jpg,186.jpg,1,small electronic device.,0.0940866842865944,0.0024104318108670204,0.22157650740948207,4.513113830032355,"(1, 1, 1, 1)",4,1741:0.0941;13176:0.0965;3895:0.5814;28723:0.4567,18.574761390686035
LlaVA 7B,dataset_vlm_0328_240\187.jpg,187.jpg,1,small robot.,0.10520800948143007,0.00607632684931306,0.18247934312328803,5.480072335225213,"(1, 1, 1)",3,1741:0.1052;18401:0.0990;28723:0.5832,18.49647831916809
LlaVA 7B,dataset_vlm_0328_240\188.jpg,188.jpg,1,small electronic device.,0.1743418127298355,0.005421016776361429,0.2713439781238612,3.6853591036522912,"(1, 1, 1, 1)",4,1741:0.1743;13176:0.1178;3895:0.5792;28723:0.4555,19.28141450881958
LlaVA 7B,dataset_vlm_0328_240\189.jpg,189.jpg,1,circuit board.,0.11177742481231691,0.08552810318552902,0.44059166818932155,2.2696752394561885,"(1, 1, 1)",3,15306:0.1118;5113:0.9941;28723:0.7697,18.482246160507202
LlaVA 7B,dataset_vlm_0328_240\19.jpg,19.jpg,1,fan.,0.33168694376945496,0.30680945820672184,0.5539038348005201,1.8053675334458275,"(1, 1)",2,7654:0.3317;28723:0.9250,18.439033269882202
LlaVA 7B,dataset_vlm_0328_240\190.jpg,190.jpg,1,camera.,0.376180499792099,0.31038150958482014,0.5571189366596868,1.7949488595661303,"(1, 1)",2,7555:0.3762;28723:0.8251,18.387325286865234
LlaVA 7B,dataset_vlm_0328_240\191.jpg,191.jpg,1,camera.,0.2650856673717499,0.21354964485114183,0.46211432011044823,2.1639666993245172,"(1, 1)",2,7555:0.2651;28723:0.8056,18.393365383148193
LlaVA 7B,dataset_vlm_0328_240\192.jpg,192.jpg,1,camera.,0.11064279079437257,0.09249260124754957,0.30412596279757104,3.2881112510134787,"(1, 1)",2,7555:0.1106;28723:0.8360,18.382937908172607
LlaVA 7B,dataset_vlm_0328_240\193.jpg,193.jpg,1,bottle of glue.,0.28666043281555176,0.058531968125871164,0.5668636717118253,1.7640925850481506,"(1, 1, 1, 1, 1)",5,10859:0.2867;302:0.5271;1272:0.4202;441:0.9991;28723:0.9227,19.131675720214844
LlaVA 7B,dataset_vlm_0328_240\194.jpg,194.jpg,1,can of spray paint.,0.2202773243188858,0.041699189454668745,0.5296945721128862,1.8878803987194424,"(1, 1, 1, 1, 1)",5,541:0.2203;302:0.7670;19084:0.3346;6192:0.8123;28723:0.9081,18.68153190612793
LlaVA 7B,dataset_vlm_0328_240\195.jpg,195.jpg,1,spray bottle.,0.3006904125213623,0.12116919075206287,0.4948391692608658,2.020858618556178,"(1, 1, 1)",3,19084:0.3007;10859:0.5112;28723:0.7883,18.476614236831665
LlaVA 7B,dataset_vlm_0328_240\196.jpg,196.jpg,1,can of soda.,0.2778717279434204,0.01488184093885858,0.43105365475141905,2.3198968132556077,"(1, 1, 1, 1, 1)",5,541:0.2779;302:0.5695;268:0.1091;10769:0.9954;28723:0.8661,19.4601309299469
LlaVA 7B,dataset_vlm_0328_240\197.jpg,197.jpg,1,can of cleaning supplies.,0.3557918071746826,0.028217141711086403,0.48989454529485255,2.041255632675254,"(1, 1, 1, 1, 1)",5,541:0.3558;302:0.8308;11906:0.4659;13679:0.2372;28723:0.8639,18.848381280899048
LlaVA 7B,dataset_vlm_0328_240\198.jpg,198.jpg,1,can of coffee.,0.21061405539512632,0.011772970050673496,0.32939841856804747,3.03583728284785,"(1, 1, 1, 1)",4,541:0.2106;302:0.5981;7045:0.1088;28723:0.8592,18.59177255630493
LlaVA 7B,dataset_vlm_0328_240\199.jpg,199.jpg,1,can.,0.1454831063747406,0.07475585736411183,0.2734151739829226,3.657441485169582,"(1, 1)",2,541:0.1455;28723:0.5138,18.438478469848633
LlaVA 7B,dataset_vlm_0328_240\20.jpg,20.jpg,1,camera.,0.23174978792667392,0.20051735800529438,0.44779164575201086,2.2331814572391657,"(1, 1)",2,7555:0.2317;28723:0.8652,18.370115280151367
LlaVA 7B,dataset_vlm_0328_240\200.jpg,200.jpg,1,can of compressed air.,0.19839464128017426,0.010944584520695869,0.4711941391323939,2.1222674837197513,"(1, 1, 1, 1, 1, 1)",6,541:0.1984;302:0.4691;623:0.1404;10025:0.9992;2423:0.9447;28723:0.8873,18.823188543319702
LlaVA 7B,dataset_vlm_0328_240\201.jpg,201.jpg,1,can.,0.20365966856479648,0.08825375596882924,0.29707533719383244,3.3661495075490935,"(1, 1)",2,541:0.2037;28723:0.4333,18.410350799560547
LlaVA 7B,dataset_vlm_0328_240\202.jpg,202.jpg,1,camera.,0.21465222537517548,0.17140165743823843,0.4140068325984952,2.415419073457182,"(1, 1)",2,7555:0.2147;28723:0.7985,18.35492968559265
LlaVA 7B,dataset_vlm_0328_240\203.jpg,203.jpg,1,can.,0.4583052694797516,0.28168510088477916,0.5307401444066382,1.884161223790579,"(1, 1)",2,541:0.4583;28723:0.6146,18.488337993621826
LlaVA 7B,dataset_vlm_0328_240\204.jpg,204.jpg,1,camera.,0.21405191719532013,0.16058009678035215,0.40072446491367625,2.495480280235496,"(1, 1)",2,7555:0.2141;28723:0.7502,18.52493953704834
LlaVA 7B,dataset_vlm_0328_240\205.jpg,205.jpg,1,coffee cup.,0.5155960321426392,0.24168103494568233,0.622894061829339,1.6054094287930147,"(1, 1, 1)",3,7045:0.5156;6211:0.5291;28723:0.8859,18.45259428024292
LlaVA 7B,dataset_vlm_0328_240\206.jpg,206.jpg,1,coffee cup.,0.4811994135379791,0.23449483271075883,0.616658079036014,1.6216442044564505,"(1, 1, 1)",3,7045:0.4812;6211:0.5421;28723:0.8990,18.47354245185852
LlaVA 7B,dataset_vlm_0328_240\207.jpg,207.jpg,1,coffee mug.,0.49680593609809875,0.24003884531525874,0.6999554223565874,1.42866240914776,"(1, 1, 1, 1)",4,7045:0.4968;290:0.5109;786:1.0000;28723:0.9457,19.65282368659973
LlaVA 7B,dataset_vlm_0328_240\208.jpg,208.jpg,1,glove.,0.35927534103393555,0.3361601720682966,0.6953157801539898,1.4381954624681934,"(1, 1, 1)",3,19720:0.3593;333:0.9999;28723:0.9358,18.490824460983276
LlaVA 7B,dataset_vlm_0328_240\209.jpg,209.jpg,1,glove.,0.35040923953056335,0.33318069707604014,0.6932554261228441,1.4424697771104082,"(1, 1, 1)",3,19720:0.3504;333:0.9999;28723:0.9509,18.584455966949463
LlaVA 7B,dataset_vlm_0328_240\21.jpg,21.jpg,1,bottle.,0.588671088218689,0.3220225885896113,0.5674703415947051,1.7622066330194457,"(1, 1)",2,10859:0.5887;28723:0.5470,18.37146759033203
LlaVA 7B,dataset_vlm_0328_240\210.jpg,210.jpg,1,glove.,0.39019227027893066,0.37066348591139986,0.7183342962086612,1.3921095028846022,"(1, 1, 1)",3,19720:0.3902;333:0.9999;28723:0.9501,19.325615882873535
LlaVA 7B,dataset_vlm_0328_240\211.jpg,211.jpg,1,blue sponge.,0.47565463185310364,0.2640590517602617,0.7661965848457064,1.3051480778935813,"(1, 1, 1, 1, 1)",5,5045:0.4757;668:0.6548;266:0.9973;490:0.9989;28723:0.8511,18.711456298828125
LlaVA 7B,dataset_vlm_0328_240\212.jpg,212.jpg,1,blue sponge.,0.5104413628578186,0.23199830489034826,0.7466154321811954,1.3393776191828177,"(1, 1, 1, 1, 1)",5,5045:0.5104;668:0.5500;266:0.9976;490:0.9994;28723:0.8289,18.747504234313965
LlaVA 7B,dataset_vlm_0328_240\213.jpg,213.jpg,1,blue sponge.,0.5245109796524048,0.33442897428252905,0.8032685792247031,1.2449136264799225,"(1, 1, 1, 1, 1)",5,5045:0.5245;668:0.7254;266:0.9980;490:0.9992;28723:0.8814,18.700002431869507
LlaVA 7B,dataset_vlm_0328_240\214.jpg,214.jpg,1,white plate.,0.21679294109344485,0.03295961407324768,0.32062253186167305,3.1189323912875606,"(1, 1, 1)",3,3075:0.2168;9703:0.1905;28723:0.7980,18.447114944458008
LlaVA 7B,dataset_vlm_0328_240\215.jpg,215.jpg,1,white plate.,0.27143070101737976,0.07714124312012773,0.425692054699973,2.349115960608657,"(1, 1, 1)",3,3075:0.2714;9703:0.3294;28723:0.8629,19.07711386680603
LlaVA 7B,dataset_vlm_0328_240\216.jpg,216.jpg,1,plate.,0.2778996229171753,0.26334442622958676,0.513170952246507,1.9486683640652358,"(1, 1)",2,9703:0.2779;28723:0.9476,19.129101514816284
LlaVA 7B,dataset_vlm_0328_240\217.jpg,217.jpg,1,fan.,0.4099794030189514,0.35195832635869806,0.5932607574740623,1.6855994390354072,"(1, 1)",2,7654:0.4100;28723:0.8585,18.27853035926819
LlaVA 7B,dataset_vlm_0328_240\218.jpg,218.jpg,1,fan.,0.5022151470184326,0.44626128107937285,0.6680279044167039,1.496943456086855,"(1, 1)",2,7654:0.5022;28723:0.8886,18.308619737625122
LlaVA 7B,dataset_vlm_0328_240\219.jpg,219.jpg,1,fan.,0.4693526327610016,0.4188759554523447,0.6472062696330627,1.545102461023679,"(1, 1)",2,7654:0.4694;28723:0.8925,19.004262924194336
LlaVA 7B,dataset_vlm_0328_240\22.jpg,22.jpg,1,bottle.,0.4419352412223816,0.22181396957042668,0.47097130440232415,2.123271610505078,"(1, 1)",2,10859:0.4419;28723:0.5019,18.29109501838684
LlaVA 7B,dataset_vlm_0328_240\220.jpg,220.jpg,1,bottle of hand sanitizer.,0.5137004256248474,0.09945720820218625,0.7191263140426492,1.3905762874652547,"(1, 1, 1, 1, 1, 1, 1)",7,10859:0.5137;302:0.5372;1021:0.5628;8417:0.7083;279:0.9947;4024:0.9916;28723:0.9166,18.877277612686157
LlaVA 7B,dataset_vlm_0328_240\221.jpg,221.jpg,1,bottle of hand sanitizer.,0.4912738502025604,0.07067392364935111,0.6848704963516823,1.46013006156203,"(1, 1, 1, 1, 1, 1, 1)",7,10859:0.4913;302:0.5897;1021:0.4963;8417:0.5548;279:0.9948;4024:0.9889;28723:0.9007,20.070653915405273
LlaVA 7B,dataset_vlm_0328_240\222.jpg,222.jpg,1,bottle of hand sanitizer.,0.5402312278747559,0.10230106836381118,0.7220284492155171,1.3849869781259982,"(1, 1, 1, 1, 1, 1, 1)",7,10859:0.5402;302:0.6169;1021:0.5932;8417:0.5863;279:0.9958;4024:0.9892;28723:0.8961,19.816487073898315
LlaVA 7B,dataset_vlm_0328_240\223.jpg,223.jpg,1,piece of paper.,0.19749228656291962,0.031096953117180456,0.419932473178955,2.381335247616938,"(1, 1, 1, 1)",4,5511:0.1975;302:0.9993;3830:0.2779;28723:0.5671,18.915319681167603
LlaVA 7B,dataset_vlm_0328_240\224.jpg,224.jpg,1,piece of clothing.,0.14321948587894442,0.025608069167718555,0.4000315164613774,2.499803037635283,"(1, 1, 1, 1)",4,5511:0.1432;302:0.9995;13278:0.3266;28723:0.5478,18.679311513900757
LlaVA 7B,dataset_vlm_0328_240\225.jpg,225.jpg,1,dirty white cloth.,0.15466551482677462,0.007920809193540325,0.298326881201044,3.3520278024362646,"(1, 1, 1, 1)",4,13485:0.1547;3075:0.2326;17673:0.3684;28723:0.5977,19.094158172607422
LlaVA 7B,dataset_vlm_0328_240\226.jpg,226.jpg,1,black video game controller.,0.2241744101047516,0.0467159939242477,0.5418675185583985,1.8454695396033916,"(1, 1, 1, 1, 1)",5,2687:0.2242;3798:0.3097;2039:0.9919;11792:0.8814;28723:0.7698,18.803553342819214
LlaVA 7B,dataset_vlm_0328_240\227.jpg,227.jpg,1,video game controller.,0.21260225772857666,0.15023508415960204,0.6225766684902813,1.6062278761986895,"(1, 1, 1, 1)",4,3798:0.2126;2039:0.9892;11792:0.8895;28723:0.8031,18.545135974884033
LlaVA 7B,dataset_vlm_0328_240\228.jpg,228.jpg,1,black video game controller.,0.22824586927890778,0.04960731725096508,0.5484147768983849,1.8234373728140603,"(1, 1, 1, 1, 1)",5,2687:0.2282;3798:0.3218;2039:0.9922;11792:0.9003;28723:0.7560,18.67507815361023
LlaVA 7B,dataset_vlm_0328_240\229.jpg,229.jpg,1,pair of scissors.,0.14999805390834808,0.11566973708866506,0.6980233618341508,1.4326168072259997,"(1, 1, 1, 1, 1, 1)",6,5964:0.1500;302:0.9978;752:0.8536;815:0.9997;734:0.9995;28723:0.9061,19.463269472122192
LlaVA 7B,dataset_vlm_0328_240\23.jpg,23.jpg,1,bottle.,0.34341302514076233,0.19131633719268315,0.4373972304355426,2.286251330407923,"(1, 1)",2,10859:0.3434;28723:0.5571,18.43334937095642
LlaVA 7B,dataset_vlm_0328_240\230.jpg,230.jpg,1,screwdriver.,0.16703855991363523,0.12275303720452252,0.49698591671936676,2.012129451476329,"(1, 1, 1)",3,14693:0.1670;8565:0.8307;28723:0.8847,18.488834619522095
LlaVA 7B,dataset_vlm_0328_240\231.jpg,231.jpg,1,pair of scissors.,0.18474915623664856,0.14063758545315327,0.7211355411167092,1.3867018652990772,"(1, 1, 1, 1, 1, 1)",6,5964:0.1847;302:0.9981;752:0.8290;815:0.9997;734:0.9994;28723:0.9209,18.8372642993927
LlaVA 7B,dataset_vlm_0328_240\232.jpg,232.jpg,1,small red circuit board.,0.21181143820285794,0.009822223222892761,0.39668151202998314,2.520914057432591,"(1, 1, 1, 1, 1)",5,1741:0.2118;2760:0.1952;15306:0.4256;5113:0.9955;28723:0.5608,18.702568531036377
LlaVA 7B,dataset_vlm_0328_240\233.jpg,233.jpg,1,small electronic device.,0.14613069593906403,0.0051523508214903315,0.2679176693552849,3.732489919035175,"(1, 1, 1, 1)",4,1741:0.1461;13176:0.1786;3895:0.5100;28723:0.3871,19.875531435012817
LlaVA 7B,dataset_vlm_0328_240\234.jpg,234.jpg,1,computer board.,0.16865184903144836,0.046171943010867314,0.35875066682307183,2.787451264845115,"(1, 1, 1)",3,6074:0.1687;5113:0.4127;28723:0.6634,20.246796369552612
LlaVA 7B,dataset_vlm_0328_240\235.jpg,235.jpg,1,computer mouse.,0.6937634348869324,0.6763308199440039,0.8777814379897929,1.1392357558734665,"(1, 1, 1)",3,6074:0.6938;12733:0.9992;28723:0.9757,19.335277795791626
LlaVA 7B,dataset_vlm_0328_240\236.jpg,236.jpg,1,computer mouse.,0.7154658436775208,0.6973169923581254,0.8867681430091277,1.1276904880757617,"(1, 1, 1)",3,6074:0.7155;12733:0.9989;28723:0.9757,19.399504899978638
LlaVA 7B,dataset_vlm_0328_240\237.jpg,237.jpg,1,computer mouse.,0.7106369137763977,0.6944844309922918,0.8855658041450459,1.129221561310661,"(1, 1, 1)",3,6074:0.7106;12733:0.9988;28723:0.9785,20.88242745399475
LlaVA 7B,dataset_vlm_0328_240\238.jpg,238.jpg,1,tube of toothpaste.,0.5720333456993103,0.1826478424008333,0.7532441331177429,1.3275908248510522,"(1, 1, 1, 1, 1, 1)",6,17735:0.5720;302:0.8327;17961:0.4046;28720:0.9977;4635:0.9995;28723:0.9502,19.387077569961548
LlaVA 7B,dataset_vlm_0328_240\239.jpg,239.jpg,1,tube of cleaning product.,0.2574272155761719,0.026110853624006808,0.48235214486055833,2.073174154308129,"(1, 1, 1, 1, 1)",5,17735:0.2574;302:0.8914;11906:0.3203;2093:0.4083;28723:0.8701,18.731088638305664
LlaVA 7B,dataset_vlm_0328_240\24.jpg,24.jpg,1,water bottle.,0.32253268361091614,0.2697312089260401,0.6461158569773047,1.547710041784543,"(1, 1, 1)",3,2130:0.3225;10859:0.9591;28723:0.8720,18.4913649559021
LlaVA 7B,dataset_vlm_0328_240\240.jpg,240.jpg,1,tube of glue.,0.4175211489200592,0.0733809800030183,0.593084673986548,1.6860998839816277,"(1, 1, 1, 1, 1)",5,17735:0.4175;302:0.7943;1272:0.2490;441:0.9984;28723:0.8901,18.69003200531006
LlaVA 7B,dataset_vlm_0328_240\25.jpg,25.jpg,1,camera.,0.15630011260509494,0.13312218594243053,0.3648591316418304,2.740783807438498,"(1, 1)",2,7555:0.1563;28723:0.8517,18.42017936706543
LlaVA 7B,dataset_vlm_0328_240\26.jpg,26.jpg,1,video game controller.,0.1465815305709839,0.08579435534366585,0.5412085872282192,1.8477164324414457,"(1, 1, 1, 1)",4,3798:0.1466;2039:0.8675;11792:0.8268;28723:0.8160,18.70611810684204
LlaVA 7B,dataset_vlm_0328_240\27.jpg,27.jpg,1,video game controller.,0.11212696135044099,0.07391220442323776,0.5214096190165262,1.9178779284628136,"(1, 1, 1, 1)",4,3798:0.1121;2039:0.9714;11792:0.8596;28723:0.7894,18.625696182250977
LlaVA 7B,dataset_vlm_0328_240\28.jpg,28.jpg,1,camera.,0.3513388931751251,0.2918327729760542,0.5402154875381251,1.8511131632993512,"(1, 1)",2,7555:0.3513;28723:0.8306,18.46731948852539
LlaVA 7B,dataset_vlm_0328_240\29.jpg,29.jpg,1,white cloth.,0.1354724019765854,0.014669990017510947,0.2447991691285712,4.084981185025138,"(1, 1, 1)",3,3075:0.1355;17673:0.1639;28723:0.6607,18.524667978286743
LlaVA 7B,dataset_vlm_0328_240\30.jpg,30.jpg,1,piece of paper.,0.17520184814929962,0.07233673244862443,0.518608608918799,1.9282364056485894,"(1, 1, 1, 1)",4,5511:0.1752;302:0.9995;3830:0.5691;28723:0.7259,18.579896688461304
LlaVA 7B,dataset_vlm_0328_240\31.jpg,31.jpg,1,piece of cloth.,0.18693448603153226,0.031786622949152944,0.4222416768485351,2.3683119285231435,"(1, 1, 1, 1)",4,5511:0.1869;302:0.9995;17673:0.2986;28723:0.5697,18.659571886062622
LlaVA 7B,dataset_vlm_0328_240\32.jpg,32.jpg,1,piece of cloth.,0.11696343123912813,0.02458238907725268,0.39596429105535896,2.5254802581685123,"(1, 1, 1, 1)",4,5511:0.1170;302:0.9995;17673:0.3182;28723:0.6608,18.617921590805054
LlaVA 7B,dataset_vlm_0328_240\33.jpg,33.jpg,1,camera.,0.25364434719085693,0.2194386770907073,0.4684428215809346,2.134732253181142,"(1, 1)",2,7555:0.2536;28723:0.8651,19.300240516662598
LlaVA 7B,dataset_vlm_0328_240\34.jpg,34.jpg,1,black and white checkered pattern.,0.08594389259815216,0.0015058069617296399,0.3952065973249368,2.530322132193065,"(1, 1, 1, 1, 1, 1, 1)",7,2687:0.0859;304:0.4379;3075:0.9848;1877:0.5171;2092:0.5087;5340:0.2042;28723:0.7564,18.944190979003906
LlaVA 7B,dataset_vlm_0328_240\35.jpg,35.jpg,1,chess board.,0.15024346113204953,0.056661556693156374,0.4878902345318867,2.049641352136233,"(1, 1, 1, 1)",4,997:0.1502;819:0.9988;5113:0.4080;28723:0.9256,18.690401792526245
LlaVA 7B,dataset_vlm_0328_240\36.jpg,36.jpg,1,camera.,0.14954538643360138,0.12820323393512467,0.3580547918058417,2.7928686415744397,"(1, 1)",2,7555:0.1495;28723:0.8573,18.40539526939392
LlaVA 7B,dataset_vlm_0328_240\37.jpg,37.jpg,1,camera.,0.0514574572443962,0.04348387464104374,0.20852787497369205,4.795521942215929,"(1, 1)",2,7555:0.0515;28723:0.8450,18.417189836502075
LlaVA 7B,dataset_vlm_0328_240\38.jpg,38.jpg,1,black and white checkered pattern.,0.07813699543476106,0.0015854803268127685,0.398128235992253,2.511753524609238,"(1, 1, 1, 1, 1, 1, 1)",7,2687:0.0781;304:0.4550;3075:0.9839;1877:0.5692;2092:0.5053;5340:0.2039;28723:0.7730,19.877872228622437
LlaVA 7B,dataset_vlm_0328_240\39.jpg,39.jpg,1,black and white checkered pattern.,0.10117629170417787,0.0025881215291375546,0.42699853085028816,2.3419284324203318,"(1, 1, 1, 1, 1, 1, 1)",7,2687:0.1012;304:0.5398;3075:0.9898;1877:0.6649;2092:0.4825;5340:0.2086;28723:0.7154,19.049315690994263
LlaVA 7B,dataset_vlm_0328_240\40.jpg,40.jpg,1,checkerboard.,0.07466278225183487,0.023224643939888948,0.3903797360794663,2.561608371486881,"(1, 1, 1, 1)",4,1877:0.0747;263:0.5552;3516:0.7632;28723:0.7341,18.668715476989746
LlaVA 7B,dataset_vlm_0328_240\41.jpg,41.jpg,1,camera.,0.1272016614675522,0.11142534813881166,0.3338043560812406,2.995766777101681,"(1, 1)",2,7555:0.1272;28723:0.8760,19.042656183242798
LlaVA 7B,dataset_vlm_0328_240\42.jpg,42.jpg,1,camera.,0.1313010901212692,0.11224541267128796,0.33503046528828984,2.984803185404383,"(1, 1)",2,7555:0.1313;28723:0.8549,18.76060724258423
LlaVA 7B,dataset_vlm_0328_240\43.jpg,43.jpg,1,camera.,0.12913234531879428,0.10743942968971525,0.3277795443430161,3.050831015109094,"(1, 1)",2,7555:0.1291;28723:0.8320,18.447088479995728
LlaVA 7B,dataset_vlm_0328_240\44.jpg,44.jpg,1,camera.,0.3542373478412628,0.29224266173170216,0.5405947296558691,1.8498145563434893,"(1, 1)",2,7555:0.3542;28723:0.8250,18.369487762451172
LlaVA 7B,dataset_vlm_0328_240\45.jpg,45.jpg,1,bottle of glue.,0.36123678088188177,0.06631244293881694,0.5811911673769031,1.720604262644444,"(1, 1, 1, 1, 1)",5,10859:0.3612;302:0.5663;1272:0.3589;441:0.9975;28723:0.9054,18.789215326309204
LlaVA 7B,dataset_vlm_0328_240\46.jpg,46.jpg,1,bottle of cleaner.,0.21393205225467682,0.04804810855281201,0.5449231509474699,1.835121151049057,"(1, 1, 1, 1, 1)",5,10859:0.2139;302:0.6431;3587:0.4082;263:0.9545;28723:0.8964,18.72968053817749
LlaVA 7B,dataset_vlm_0328_240\47.jpg,47.jpg,1,camera.,0.11470577865839006,0.08755628843535357,0.29589911867958235,3.379530173872742,"(1, 1)",2,7555:0.1147;28723:0.7633,18.38458514213562
LlaVA 7B,dataset_vlm_0328_240\48.jpg,48.jpg,1,can.,0.3268318772315979,0.1784460763072531,0.4224287825270114,2.3672629360572914,"(1, 1)",2,541:0.3268;28723:0.5460,18.406845569610596
LlaVA 7B,dataset_vlm_0328_240\49.jpg,49.jpg,1,coffee cup.,0.46962395310401917,0.2512278113787494,0.6309901381557081,1.5848108227536704,"(1, 1, 1)",3,7045:0.4696;6211:0.6038;28723:0.8860,18.562535285949707
LlaVA 7B,dataset_vlm_0328_240\50.jpg,50.jpg,1,glove.,0.3551740050315857,0.3303897278129005,0.6913142547804966,1.4465201506911152,"(1, 1, 1)",3,19720:0.3552;333:0.9999;28723:0.9303,18.485409259796143
LlaVA 7B,dataset_vlm_0328_240\51.jpg,51.jpg,1,blue sponge.,0.4872997999191284,0.24020374413079704,0.7518236004787613,1.3300992405175893,"(1, 1, 1, 1, 1)",5,5045:0.4873;668:0.5770;266:0.9974;490:0.9993;28723:0.8571,18.722719192504883
LlaVA 7B,dataset_vlm_0328_240\52.jpg,52.jpg,1,white plastic lid.,0.1953571289777756,0.011354208420766938,0.32642936147059354,3.063449916070388,"(1, 1, 1, 1)",4,3075:0.1954;10409:0.2725;16006:0.2557;28723:0.8344,18.716413736343384
LlaVA 7B,dataset_vlm_0328_240\53.jpg,53.jpg,1,fan.,0.39797306060791016,0.34227813931238416,0.5850454164527606,1.709269010367069,"(1, 1)",2,7654:0.3980;28723:0.8601,18.415353059768677
LlaVA 7B,dataset_vlm_0328_240\54.jpg,54.jpg,1,bottle of hand sanitizer.,0.4886445105075836,0.06831520436680137,0.681557469351564,1.467227702678401,"(1, 1, 1, 1, 1, 1, 1)",7,10859:0.4886;302:0.5000;1021:0.4911;8417:0.6388;279:0.9948;4024:0.9907;28723:0.9043,18.926698207855225
LlaVA 7B,dataset_vlm_0328_240\55.jpg,55.jpg,1,piece of paper.,0.21079677343368527,0.02502738452031969,0.3977442102205152,2.514178646234939,"(1, 1, 1, 1)",4,5511:0.2108;302:0.9994;3830:0.2130;28723:0.5576,18.6280996799469
LlaVA 7B,dataset_vlm_0328_240\56.jpg,56.jpg,1,remote control.,0.21058061718940738,0.09908144856360189,0.4627333302342166,2.161071906131856,"(1, 1, 1)",3,9308:0.2106;2602:0.5659;28723:0.8315,18.605275630950928
LlaVA 7B,dataset_vlm_0328_240\57.jpg,57.jpg,1,screwdriver.,0.27019140124320984,0.21369866390899114,0.5978615204796988,1.6726281350196988,"(1, 1, 1)",3,14693:0.2702;8565:0.8930;28723:0.8857,18.480944871902466
LlaVA 7B,dataset_vlm_0328_240\58.jpg,58.jpg,1,small electronic device.,0.20834407210350037,0.0077769197578462885,0.29696270088831733,3.3674262693889063,"(1, 1, 1, 1)",4,1741:0.2083;13176:0.1945;3895:0.5038;28723:0.3809,19.411098957061768
LlaVA 7B,dataset_vlm_0328_240\59.jpg,59.jpg,1,computer mouse.,0.7152369022369385,0.6940190761080562,0.8853679621996134,1.1294738941260016,"(1, 1, 1)",3,6074:0.7152;12733:0.9990;28723:0.9713,18.564311027526855
LlaVA 7B,dataset_vlm_0328_240\60.jpg,60.jpg,1,tube of paint.,0.6439478993415833,0.07081753688627092,0.5158639798434205,1.938495493140515,"(1, 1, 1, 1)",4,17735:0.6439;302:0.8814;6192:0.1465;28723:0.8519,18.681978464126587
